{
    "dji fc7203 4000 3000 brown 0.6666": {
        "projection_type": "brown",
        "width": 4000,
        "height": 3000,
        "focal_x": 0.6948537366755173,
        "focal_y": 0.6948537366755173,
        "c_x": -0.04324615816567939,
        "c_y": 0.0911071218701444,
        "k1": 0.011068245469630755,
        "k2": -0.019583881820707392,
        "p1": 0.011507284658663035,
        "p2": -0.015363019544963923,
        "k3": 0.0077538979103763455
    }
}